-- Adminer 5.4.2 PostgreSQL 14.22 dump

DROP TABLE IF EXISTS "bmstu_lab_bankrequest";
CREATE TABLE "public"."bmstu_lab_bankrequest" (
    "id" bigint DEFAULT GENERATED BY DEFAULT AS IDENTITY NOT NULL,
    "status" character varying(10) NOT NULL,
    "created_at" timestamptz NOT NULL,
    "formed_at" timestamptz,
    "completed_at" timestamptz,
    "total_cost" character varying(50) NOT NULL,
    "client_id" integer NOT NULL,
    "manager_id" integer,
    CONSTRAINT "bmstu_lab_bankrequest_pkey" PRIMARY KEY ("id")
)
WITH (oids = false);

CREATE INDEX bmstu_lab_bankrequest_client_id_909c47ee ON public.bmstu_lab_bankrequest USING btree (client_id);

CREATE INDEX bmstu_lab_bankrequest_manager_id_67e14e51 ON public.bmstu_lab_bankrequest USING btree (manager_id);

INSERT INTO "bmstu_lab_bankrequest" ("id", "status", "created_at", "formed_at", "completed_at", "total_cost", "client_id", "manager_id") VALUES
(1,	'DELETED',	'2026-04-05 13:25:42.111753+00',	NULL,	NULL,	'',	1,	NULL),
(2,	'DELETED',	'2026-04-05 13:37:41.3857+00',	NULL,	NULL,	'',	1,	NULL),
(3,	'DELETED',	'2026-04-05 13:46:50.064282+00',	NULL,	NULL,	'',	1,	NULL),
(4,	'DELETED',	'2026-04-05 14:08:57.99766+00',	NULL,	NULL,	'',	1,	NULL),
(5,	'DELETED',	'2026-04-05 18:50:16.126054+00',	NULL,	NULL,	'',	1,	NULL),
(6,	'DELETED',	'2026-04-05 18:51:08.953642+00',	NULL,	NULL,	'15000',	1,	NULL),
(7,	'DRAFT',	'2026-04-06 19:10:10.578431+00',	NULL,	NULL,	'',	1,	NULL);

DROP TABLE IF EXISTS "bmstu_lab_bankservice";
CREATE TABLE "public"."bmstu_lab_bankservice" (
    "id" bigint DEFAULT GENERATED BY DEFAULT AS IDENTITY NOT NULL,
    "name" character varying(100) NOT NULL,
    "rate" character varying(20) NOT NULL,
    "amount" character varying(50) NOT NULL,
    "term" character varying(50) NOT NULL,
    "balance_account" character varying(5) NOT NULL,
    "description" text NOT NULL,
    "image" character varying(100),
    "video" character varying(100),
    "is_active" boolean NOT NULL,
    CONSTRAINT "bmstu_lab_bankservice_pkey" PRIMARY KEY ("id")
)
WITH (oids = false);

INSERT INTO "bmstu_lab_bankservice" ("id", "name", "rate", "amount", "term", "balance_account", "description", "image", "video", "is_active") VALUES
(1,	'Кредит для бизнеса',	'от 16%',	'до 300 млн руб',	'до 5 лет',	'40701',	'Кредит на покупку оборудования, пополнение оборотных средств или модернизацию производства',	'credity_KB.png',	'credit.mp4',	'1'),
(2,	'Расчетный счет для бизнеса',	'0 руб обслуживание',	'без ограничений',	'постоянно',	'40702',	'Открытие онлайн, бесплатные переводы внутри банка, персональный менеджер',	'diploma.jpg',	'Video cash.mp4',	'1'),
(3,	'Кредитная карта',	'от 3%',	'до 1 млн руб',	'льготный период 120 дней',	'40801',	'Кэшбэк до 5%, бесплатное обслуживание при тратах от 5 000 ₽/мес.',	'credit_card.jpg',	'credit_card.mp4',	'1'),
(4,	'Депозит',	'до 15%',	'от 500 тыс руб',	'от 3 месяцев',	'40703',	'Гибкие условия, пополнение и частичное снятие',	'deposit.webp',	'deposit.mp4',	'1'),
(5,	'Эквайринг',	'от 1,5%',	'без ограничений',	'постоянно',	'40704',	'Приём карт, оплата по QR-коду, онлайн-касса в подарок',	'acquiring.jpg',	'acquaring.mp4',	'1');

DROP TABLE IF EXISTS "bmstu_lab_bankserviceinrequest";
CREATE TABLE "public"."bmstu_lab_bankserviceinrequest" (
    "id" bigint DEFAULT GENERATED BY DEFAULT AS IDENTITY NOT NULL,
    "quantity" integer NOT NULL,
    "comment" character varying(255) NOT NULL,
    "bank_account" character varying(20) NOT NULL,
    "request_id" bigint NOT NULL,
    "service_id" bigint NOT NULL,
    CONSTRAINT "bmstu_lab_bankserviceinrequest_pkey" PRIMARY KEY ("id"),
    CONSTRAINT "bmstu_lab_bankserviceinrequest_quantity_check" CHECK (((quantity >= 0)))
)
WITH (oids = false);

CREATE UNIQUE INDEX bmstu_lab_bankserviceinr_request_id_service_id_a4a7ed51_uniq ON public.bmstu_lab_bankserviceinrequest USING btree (request_id, service_id);

CREATE INDEX bmstu_lab_bankserviceinrequest_request_id_f3fea6d1 ON public.bmstu_lab_bankserviceinrequest USING btree (request_id);

CREATE INDEX bmstu_lab_bankserviceinrequest_service_id_5e5d116e ON public.bmstu_lab_bankserviceinrequest USING btree (service_id);

INSERT INTO "bmstu_lab_bankserviceinrequest" ("id", "quantity", "comment", "bank_account", "request_id", "service_id") VALUES
(1,	1,	'',	'40802810600000005678',	1,	1),
(2,	1,	'',	'40802810600000005678',	2,	1),
(3,	1,	'',	'40802810600000005678',	2,	2),
(5,	1,	'',	'40802810600000005678',	4,	1),
(6,	1,	'',	'40802810600000005678',	4,	2),
(7,	1,	'',	'40802810600000005678',	5,	1),
(8,	3,	'',	'40802810600000005678',	6,	5),
(4,	1,	'Новый комментарий',	'40802810600000005678',	3,	1),
(9,	1,	'',	'40802810600000005678',	7,	1);

ALTER TABLE ONLY "public"."bmstu_lab_bankrequest" ADD CONSTRAINT "bmstu_lab_bankrequest_client_id_909c47ee_fk_auth_user_id" FOREIGN KEY (client_id) REFERENCES auth_user(id) DEFERRABLE INITIALLY DEFERRED;
ALTER TABLE ONLY "public"."bmstu_lab_bankrequest" ADD CONSTRAINT "bmstu_lab_bankrequest_manager_id_67e14e51_fk_auth_user_id" FOREIGN KEY (manager_id) REFERENCES auth_user(id) DEFERRABLE INITIALLY DEFERRED;

ALTER TABLE ONLY "public"."bmstu_lab_bankserviceinrequest" ADD CONSTRAINT "bmstu_lab_bankservic_request_id_f3fea6d1_fk_bmstu_lab" FOREIGN KEY (request_id) REFERENCES bmstu_lab_bankrequest(id) DEFERRABLE INITIALLY DEFERRED;
ALTER TABLE ONLY "public"."bmstu_lab_bankserviceinrequest" ADD CONSTRAINT "bmstu_lab_bankservic_service_id_5e5d116e_fk_bmstu_lab" FOREIGN KEY (service_id) REFERENCES bmstu_lab_bankservice(id) DEFERRABLE INITIALLY DEFERRED;

-- 2026-04-07 17:43:45 UTC
